{
  "phoneme_formants": {
    "IY": [270, 2290, 3010],
    "IH": [390, 1990, 2550],
    "EY": [476, 2089, 2691],
    "EH": [530, 1840, 2480],
    "AE": [660, 1720, 2410],
    "AA": [730, 1090, 2440],
    "AO": [570, 840, 2410],
    "OW": [497, 910, 2459],
    "UH": [440, 1020, 2240],
    "UW": [300, 870, 2240],
    "AH": [640, 1190, 2390],
    "ER": [490, 1350, 1690],
    "AY": [500, 1500, 2500],
    "AW": [600, 1200, 2500],
    "OY": [550, 1100, 2500]
  },
  "phoneme_durations_ms": {
    "IY": 120, "IH": 80, "EY": 140, "EH": 90, "AE": 120,
    "AA": 120, "AO": 120, "OW": 140, "UH": 80, "UW": 120,
    "AH": 80, "ER": 150, "AY": 180, "AW": 180, "OY": 180,
    "P": 50, "B": 50, "T": 50, "D": 50, "K": 60, "G": 60,
    "F": 80, "V": 70, "TH": 80, "DH": 70, "S": 100, "Z": 90,
    "SH": 100, "ZH": 90, "HH": 60, "CH": 100, "JH": 100,
    "M": 70, "N": 70, "NG": 80, "L": 70, "R": 70, "W": 60, "Y": 60
  },
  "vocal_styles": {
    "natural": {
      "breathiness": 0.2,
      "vibrato_rate": 5.5,
      "vibrato_depth": 20,
      "vibrato_delay": 0.15,
      "dynamics": 0.7
    },
    "breathy": {
      "breathiness": 0.7,
      "vibrato_rate": 4.5,
      "vibrato_depth": 15,
      "vibrato_delay": 0.2,
      "dynamics": 0.5
    },
    "belt": {
      "breathiness": 0.05,
      "vibrato_rate": 6.0,
      "vibrato_depth": 25,
      "vibrato_delay": 0.1,
      "dynamics": 0.95
    },
    "whisper": {
      "breathiness": 0.9,
      "vibrato_rate": 0,
      "vibrato_depth": 0,
      "dynamics": 0.3
    },
    "cry": {
      "breathiness": 0.6,
      "vibrato_rate": 7.0,
      "vibrato_depth": 40,
      "vibrato_delay": 0.05,
      "pitch_drift": -10,
      "dynamics": 0.8
    }
  },
  "emotion_vocal_mapping": {
    "grief": {"breathiness": 0.6, "vibrato_depth": 30, "dynamics": 0.4, "style": "cry"},
    "joy": {"breathiness": 0.2, "vibrato_depth": 15, "dynamics": 0.8, "style": "natural"},
    "anger": {"breathiness": 0.1, "vibrato_depth": 10, "dynamics": 0.95, "style": "belt"},
    "fear": {"breathiness": 0.7, "vibrato_depth": 40, "dynamics": 0.5, "style": "breathy"},
    "longing": {"breathiness": 0.5, "vibrato_depth": 25, "dynamics": 0.55, "style": "natural"},
    "defiance": {"breathiness": 0.15, "vibrato_depth": 12, "dynamics": 0.85, "style": "belt"},
    "hope": {"breathiness": 0.3, "vibrato_depth": 18, "dynamics": 0.65, "style": "natural"}
  },
  "meter_templates": {
    "iambic_tetrameter": {"pattern": [0,1,0,1,0,1,0,1], "syllables": 8},
    "iambic_pentameter": {"pattern": [0,1,0,1,0,1,0,1,0,1], "syllables": 10},
    "trochaic_tetrameter": {"pattern": [1,0,1,0,1,0,1,0], "syllables": 8},
    "ballad": {"pattern": [0,1,0,1,0,1,0], "syllables": 7},
    "free_verse": {"pattern": [], "syllables": 0}
  }
}
